country,period,h_index,Variable,alco
Afghanistan,2015,3.575,alco,0.0
Afghanistan,2019,3.203,alco,0.0
Albania,2015,4.959,alco,10.3
Albania,2015,4.959,alco,2.4
Albania,2015,4.959,alco,6.4
Albania,2019,4.719,alco,11.0
Albania,2019,4.719,alco,2.5
Albania,2019,4.719,alco,6.8
Algeria,2015,5.605,alco,0.2
Algeria,2015,5.605,alco,0.6
Algeria,2015,5.605,alco,1.0
Algeria,2019,5.211,alco,0.2
Algeria,2019,5.211,alco,0.6
Algeria,2019,5.211,alco,1.1
Argentina,2015,6.574,alco,14.9
Argentina,2015,6.574,alco,4.7
Argentina,2015,6.574,alco,9.6
Argentina,2019,6.086,alco,14.7
Argentina,2019,6.086,alco,4.6
Argentina,2019,6.086,alco,9.5
Armenia,2015,4.35,alco,2.3
Armenia,2015,4.35,alco,5.0
Armenia,2015,4.35,alco,8.2
Armenia,2019,4.559,alco,2.1
Armenia,2019,4.559,alco,4.7
Armenia,2019,4.559,alco,7.7
Australia,2015,7.284,alco,10.8
Australia,2015,7.284,alco,16.4
Australia,2015,7.284,alco,5.3
Australia,2019,7.228,alco,10.4
Australia,2019,7.228,alco,15.7
Australia,2019,7.228,alco,5.1
Austria,2015,7.2,alco,12.1
Austria,2015,7.2,alco,18.8
Austria,2015,7.2,alco,5.9
Austria,2019,7.246,alco,11.9
Austria,2019,7.246,alco,18.4
Austria,2019,7.246,alco,5.8
Azerbaijan,2015,5.212,alco,0.2
Azerbaijan,2015,5.212,alco,0.5
Azerbaijan,2015,5.212,alco,0.8
Azerbaijan,2019,5.208,alco,0.3
Azerbaijan,2019,5.208,alco,1.0
Azerbaijan,2019,5.208,alco,1.7
Bahrain,2015,5.96,alco,0.4
Bahrain,2015,5.96,alco,1.4
Bahrain,2015,5.96,alco,1.9
Bahrain,2019,6.199,alco,0.3
Bahrain,2019,6.199,alco,1.1
Bahrain,2019,6.199,alco,1.5
Bangladesh,2015,4.694,alco,0.0
Bangladesh,2019,4.456,alco,0.0
Belarus,2015,5.813,alco,11.1
Belarus,2015,5.813,alco,18.1
Belarus,2015,5.813,alco,5.3
Belarus,2019,5.323,alco,11.0
Belarus,2019,5.323,alco,17.9
Belarus,2019,5.323,alco,5.1
Belgium,2015,6.937,alco,11.8
Belgium,2015,6.937,alco,18.3
Belgium,2015,6.937,alco,5.6
Belgium,2019,6.923,alco,10.8
Belgium,2019,6.923,alco,16.7
Belgium,2019,6.923,alco,5.1
Benin,2015,3.34,alco,1.1
Benin,2015,3.34,alco,2.6
Benin,2015,3.34,alco,4.2
Benin,2019,4.883,alco,0.9
Benin,2019,4.883,alco,2.2
Benin,2019,4.883,alco,3.6
Bhutan,2015,5.253,alco,0.1
Bhutan,2015,5.253,alco,0.3
Bhutan,2015,5.253,alco,0.4
Bhutan,2019,5.082,alco,0.1
Bhutan,2019,5.082,alco,0.2
Bhutan,2019,5.082,alco,0.3
Bosnia and Herzegovina,2015,4.949,alco,11.8
Bosnia and Herzegovina,2015,4.949,alco,2.7
Bosnia and Herzegovina,2015,4.949,alco,7.2
Bosnia and Herzegovina,2019,5.386,alco,12.9
Bosnia and Herzegovina,2019,5.386,alco,3.0
Bosnia and Herzegovina,2019,5.386,alco,7.8
Botswana,2015,4.332,alco,11.6
Botswana,2015,4.332,alco,2.7
Botswana,2015,4.332,alco,6.9
Botswana,2019,3.488,alco,11.1
Botswana,2019,3.488,alco,2.6
Botswana,2019,3.488,alco,6.6
Brazil,2015,6.983,alco,12.6
Brazil,2015,6.983,alco,3.5
Brazil,2015,6.983,alco,7.9
Brazil,2019,6.3,alco,11.7
Brazil,2019,6.3,alco,3.2
Brazil,2019,6.3,alco,7.3
Bulgaria,2015,4.218,alco,12.0
Bulgaria,2015,4.218,alco,19.1
Bulgaria,2015,4.218,alco,5.3
Bulgaria,2019,5.011,alco,12.5
Bulgaria,2019,5.011,alco,19.9
Bulgaria,2019,5.011,alco,5.6
Burkina Faso,2015,3.587,alco,10.7
Burkina Faso,2015,3.587,alco,17.9
Burkina Faso,2015,3.587,alco,3.7
Burkina Faso,2019,4.587,alco,11.0
Burkina Faso,2019,4.587,alco,18.5
Burkina Faso,2019,4.587,alco,3.9
Burundi,2015,2.905,alco,11.7
Burundi,2015,2.905,alco,2.8
Burundi,2015,2.905,alco,7.2
Burundi,2019,3.775,alco,12.2
Burundi,2019,3.775,alco,2.9
Burundi,2019,3.775,alco,7.5
Cambodia,2015,3.819,alco,10.8
Cambodia,2015,3.819,alco,2.7
Cambodia,2015,3.819,alco,6.6
Cambodia,2019,4.7,alco,12.9
Cambodia,2019,4.7,alco,3.2
Cambodia,2019,4.7,alco,7.8
Cameroon,2015,4.252,alco,2.6
Cameroon,2015,4.252,alco,6.1
Cameroon,2015,4.252,alco,9.7
Cameroon,2019,5.044,alco,2.3
Cameroon,2019,5.044,alco,5.5
Cameroon,2019,5.044,alco,8.8
Canada,2015,7.427,alco,14.0
Canada,2015,7.427,alco,4.1
Canada,2015,7.427,alco,9.0
Canada,2019,7.278,alco,13.7
Canada,2019,7.278,alco,4.0
Canada,2019,7.278,alco,8.8
Chad,2015,3.667,alco,0.6
Chad,2015,3.667,alco,1.6
Chad,2015,3.667,alco,2.6
Chad,2019,4.35,alco,0.5
Chad,2019,4.35,alco,1.3
Chad,2019,4.35,alco,2.1
Chile,2015,6.67,alco,14.2
Chile,2015,6.67,alco,4.5
Chile,2015,6.67,alco,9.2
Chile,2019,6.444,alco,13.7
Chile,2019,6.444,alco,4.4
Chile,2019,6.444,alco,8.9
China,2015,5.14,alco,11.0
China,2015,5.14,alco,3.0
China,2015,5.14,alco,7.1
China,2019,5.191,alco,2.6
China,2019,5.191,alco,6.0
China,2019,5.191,alco,9.4
Colombia,2015,6.477,alco,2.3
Colombia,2015,6.477,alco,5.6
Colombia,2015,6.477,alco,9.0
Colombia,2019,6.125,alco,2.3
Colombia,2019,6.125,alco,5.5
Colombia,2019,6.125,alco,8.8
Costa Rica,2015,7.226,alco,1.7
Costa Rica,2015,7.226,alco,4.1
Costa Rica,2015,7.226,alco,6.6
Costa Rica,2019,7.167,alco,1.7
Costa Rica,2019,7.167,alco,4.1
Costa Rica,2019,7.167,alco,6.5
Croatia,2015,5.759,alco,14.1
Croatia,2015,5.759,alco,4.0
Croatia,2015,5.759,alco,8.8
Croatia,2019,5.432,alco,14.0
Croatia,2019,5.432,alco,4.0
Croatia,2019,5.432,alco,8.7
Cyprus,2015,5.689,alco,10.8
Cyprus,2015,5.689,alco,16.8
Cyprus,2015,5.689,alco,4.7
Cyprus,2019,6.046,alco,10.8
Cyprus,2019,6.046,alco,16.9
Cyprus,2019,6.046,alco,4.8
Denmark,2015,7.527,alco,10.4
Denmark,2015,7.527,alco,15.9
Denmark,2015,7.527,alco,4.9
Denmark,2019,7.6,alco,10.1
Denmark,2019,7.6,alco,15.6
Denmark,2019,7.6,alco,4.8
Dominican Republic,2015,4.885,alco,10.2
Dominican Republic,2015,4.885,alco,2.7
Dominican Republic,2015,4.885,alco,6.4
Dominican Republic,2019,5.425,alco,10.6
Dominican Republic,2019,5.425,alco,2.8
Dominican Republic,2019,5.425,alco,6.7
Ecuador,2015,5.975,alco,1.9
Ecuador,2015,5.975,alco,3.9
Ecuador,2015,5.975,alco,5.9
Ecuador,2019,6.028,alco,1.6
Ecuador,2019,6.028,alco,3.3
Ecuador,2019,6.028,alco,5.0
Egypt,2015,4.194,alco,0.0
Egypt,2015,4.194,alco,0.2
Egypt,2015,4.194,alco,0.3
Egypt,2019,4.166,alco,0.0
Egypt,2019,4.166,alco,0.1
Egypt,2019,4.166,alco,0.2
El Salvador,2015,6.13,alco,1.5
El Salvador,2015,6.13,alco,3.6
El Salvador,2015,6.13,alco,6.0
El Salvador,2019,6.253,alco,1.7
El Salvador,2019,6.253,alco,4.1
El Salvador,2019,6.253,alco,6.9
Estonia,2015,5.429,alco,14.4
Estonia,2015,5.429,alco,23.4
Estonia,2015,5.429,alco,6.8
Estonia,2019,5.893,alco,10.8
Estonia,2019,5.893,alco,17.4
Estonia,2019,5.893,alco,5.1
Ethiopia,2015,4.512,alco,0.6
Ethiopia,2015,4.512,alco,1.6
Ethiopia,2015,4.512,alco,2.7
Ethiopia,2019,4.286,alco,0.8
Ethiopia,2019,4.286,alco,2.2
Ethiopia,2019,4.286,alco,3.7
Finland,2015,7.406,alco,11.0
Finland,2015,7.406,alco,17.1
Finland,2015,7.406,alco,5.1
Finland,2019,7.769,alco,10.7
Finland,2019,7.769,alco,16.6
Finland,2019,7.769,alco,5.0
France,2015,6.575,alco,12.6
France,2015,6.575,alco,19.8
France,2015,6.575,alco,6.0
France,2019,6.592,alco,12.2
France,2019,6.592,alco,19.2
France,2019,6.592,alco,5.8
Gabon,2015,3.896,alco,14.4
Gabon,2015,3.896,alco,4.4
Gabon,2015,3.896,alco,9.5
Gabon,2019,4.799,alco,12.2
Gabon,2019,4.799,alco,3.7
Gabon,2019,4.799,alco,8.1
Georgia,2015,4.297,alco,14.6
Georgia,2015,4.297,alco,3.9
Georgia,2015,4.297,alco,8.9
Georgia,2019,4.519,alco,15.6
Georgia,2019,4.519,alco,4.1
Georgia,2019,4.519,alco,9.5
Germany,2015,6.75,alco,13.0
Germany,2015,6.75,alco,20.1
Germany,2015,6.75,alco,6.3
Germany,2019,6.985,alco,12.8
Germany,2019,6.985,alco,19.7
Germany,2019,6.985,alco,6.1
Ghana,2015,4.633,alco,1.3
Ghana,2015,4.633,alco,3.0
Ghana,2015,4.633,alco,4.8
Ghana,2019,4.996,alco,1.2
Ghana,2019,4.996,alco,2.8
Ghana,2019,4.996,alco,4.4
Greece,2015,4.857,alco,10.8
Greece,2015,4.857,alco,17.1
Greece,2015,4.857,alco,4.7
Greece,2019,5.287,alco,10.5
Greece,2019,5.287,alco,16.7
Greece,2019,5.287,alco,4.6
Guatemala,2015,6.123,alco,0.7
Guatemala,2015,6.123,alco,1.7
Guatemala,2015,6.123,alco,2.7
Guatemala,2019,6.436,alco,0.7
Guatemala,2019,6.436,alco,1.6
Guatemala,2019,6.436,alco,2.6
Guinea,2015,3.656,alco,0.4
Guinea,2015,3.656,alco,1.2
Guinea,2015,3.656,alco,2.1
Guinea,2019,4.534,alco,0.4
Guinea,2019,4.534,alco,1.1
Guinea,2019,4.534,alco,1.9
Haiti,2015,4.518,alco,1.1
Haiti,2015,4.518,alco,2.8
Haiti,2015,4.518,alco,4.6
Haiti,2019,3.597,alco,1.2
Haiti,2019,3.597,alco,3.0
Haiti,2019,3.597,alco,5.0
Honduras,2015,4.788,alco,1.4
Honduras,2015,4.788,alco,3.5
Honduras,2015,4.788,alco,5.6
Honduras,2019,5.86,alco,1.6
Honduras,2019,5.86,alco,3.9
Honduras,2019,5.86,alco,6.3
Hungary,2015,4.8,alco,11.6
Hungary,2015,4.8,alco,18.5
Hungary,2015,4.8,alco,5.5
Hungary,2019,5.758,alco,11.1
Hungary,2019,5.758,alco,17.7
Hungary,2019,5.758,alco,5.2
Iceland,2015,7.561,alco,13.3
Iceland,2015,7.561,alco,4.1
Iceland,2015,7.561,alco,8.7
Iceland,2019,7.494,alco,14.0
Iceland,2019,7.494,alco,4.4
Iceland,2019,7.494,alco,9.2
India,2015,4.565,alco,1.9
India,2015,4.565,alco,5.5
India,2015,4.565,alco,8.9
India,2019,4.015,alco,1.9
India,2019,4.015,alco,5.6
India,2019,4.015,alco,9.1
Indonesia,2015,5.399,alco,0.1
Indonesia,2015,5.399,alco,0.2
Indonesia,2015,5.399,alco,0.4
Indonesia,2019,5.192,alco,0.1
Indonesia,2019,5.192,alco,0.2
Indonesia,2019,5.192,alco,0.4
Iraq,2015,4.677,alco,0.1
Iraq,2015,4.677,alco,0.4
Iraq,2015,4.677,alco,0.6
Iraq,2019,4.437,alco,0.1
Iraq,2019,4.437,alco,0.4
Iraq,2019,4.437,alco,0.6
Ireland,2015,6.94,alco,12.6
Ireland,2015,6.94,alco,19.2
Ireland,2015,6.94,alco,6.2
Ireland,2019,7.021,alco,12.7
Ireland,2019,7.021,alco,19.4
Ireland,2019,7.021,alco,6.3
Israel,2015,7.278,alco,1.8
Israel,2015,7.278,alco,3.9
Israel,2015,7.278,alco,6.1
Israel,2019,7.139,alco,2.0
Israel,2019,7.139,alco,4.4
Israel,2019,7.139,alco,6.8
Italy,2015,5.948,alco,12.2
Italy,2015,5.948,alco,3.5
Italy,2015,5.948,alco,7.7
Italy,2019,6.223,alco,12.7
Italy,2019,6.223,alco,3.6
Italy,2019,6.223,alco,8.0
Jamaica,2015,5.709,alco,1.6
Jamaica,2015,5.709,alco,4.0
Jamaica,2015,5.709,alco,6.4
Jamaica,2019,5.89,alco,1.7
Jamaica,2019,5.89,alco,4.2
Jamaica,2019,5.89,alco,6.7
Japan,2015,5.987,alco,15.2
Japan,2015,5.987,alco,4.8
Japan,2015,5.987,alco,9.9
Japan,2019,5.886,alco,10.1
Japan,2019,5.886,alco,15.6
Japan,2019,5.886,alco,4.9
Jordan,2015,5.192,alco,0.2
Jordan,2015,5.192,alco,0.6
Jordan,2015,5.192,alco,1.0
Jordan,2019,4.906,alco,0.1
Jordan,2019,4.906,alco,0.5
Jordan,2019,4.906,alco,0.9
Kazakhstan,2015,5.855,alco,1.9
Kazakhstan,2015,5.855,alco,4.7
Kazakhstan,2015,5.855,alco,7.8
Kazakhstan,2019,5.809,alco,2.0
Kazakhstan,2019,5.809,alco,5.0
Kazakhstan,2019,5.809,alco,8.3
Kenya,2015,4.419,alco,0.8
Kenya,2015,4.419,alco,2.0
Kenya,2015,4.419,alco,3.3
Kenya,2019,4.509,alco,0.8
Kenya,2019,4.509,alco,2.1
Kenya,2019,4.509,alco,3.5
Kuwait,2015,6.295,alco,0.0
Kuwait,2019,6.021,alco,0.0
Kyrgyzstan,2015,5.286,alco,1.9
Kyrgyzstan,2015,5.286,alco,10.6
Kyrgyzstan,2015,5.286,alco,6.2
Kyrgyzstan,2019,5.261,alco,1.5
Kyrgyzstan,2019,5.261,alco,4.9
Kyrgyzstan,2019,5.261,alco,8.4
Latvia,2015,5.098,alco,11.0
Latvia,2015,5.098,alco,18.1
Latvia,2015,5.098,alco,5.3
Latvia,2019,5.94,alco,13.2
Latvia,2019,5.94,alco,21.6
Latvia,2019,5.94,alco,6.3
Lebanon,2015,4.839,alco,0.5
Lebanon,2015,4.839,alco,1.5
Lebanon,2015,4.839,alco,2.6
Lebanon,2019,5.197,alco,0.5
Lebanon,2019,5.197,alco,1.5
Lebanon,2019,5.197,alco,2.6
Liberia,2015,4.571,alco,2.0
Liberia,2015,4.571,alco,4.9
Liberia,2015,4.571,alco,7.8
Liberia,2019,3.975,alco,2.2
Liberia,2019,3.975,alco,5.4
Liberia,2019,3.975,alco,8.6
Libya,2015,5.754,alco,0.0
Libya,2015,5.754,alco,0.1
Libya,2019,5.525,alco,0.0
Lithuania,2015,5.833,alco,15.4
Lithuania,2015,5.833,alco,24.7
Lithuania,2015,5.833,alco,7.7
Lithuania,2019,6.149,alco,12.8
Lithuania,2019,6.149,alco,20.6
Lithuania,2019,6.149,alco,6.3
Luxembourg,2015,6.946,alco,12.7
Luxembourg,2015,6.946,alco,19.2
Luxembourg,2015,6.946,alco,6.3
Luxembourg,2019,7.09,alco,12.4
Luxembourg,2019,7.09,alco,18.7
Luxembourg,2019,7.09,alco,6.1
Madagascar,2015,3.681,alco,0.7
Madagascar,2015,3.681,alco,1.9
Madagascar,2015,3.681,alco,3.1
Madagascar,2019,3.933,alco,0.8
Madagascar,2019,3.933,alco,2.0
Madagascar,2019,3.933,alco,3.2
Malawi,2015,4.292,alco,1.5
Malawi,2015,4.292,alco,4.0
Malawi,2015,4.292,alco,6.7
Malawi,2019,3.41,alco,1.6
Malawi,2019,3.41,alco,4.1
Malawi,2019,3.41,alco,6.8
Malaysia,2015,5.77,alco,0.3
Malaysia,2015,5.77,alco,0.8
Malaysia,2015,5.77,alco,1.3
Malaysia,2019,5.339,alco,0.3
Malaysia,2019,5.339,alco,0.9
Malaysia,2019,5.339,alco,1.5
Mali,2015,3.995,alco,0.4
Mali,2015,3.995,alco,1.3
Mali,2015,3.995,alco,2.3
Mali,2019,4.39,alco,0.4
Mali,2019,4.39,alco,1.3
Mali,2019,4.39,alco,2.3
Malta,2015,6.302,alco,11.8
Malta,2015,6.302,alco,3.4
Malta,2015,6.302,alco,7.6
Malta,2019,6.726,alco,12.9
Malta,2019,6.726,alco,3.7
Malta,2019,6.726,alco,8.3
Mauritania,2015,4.436,alco,0.0
Mauritania,2019,4.49,alco,0.0
Mauritius,2015,5.477,alco,1.8
Mauritius,2015,5.477,alco,4.3
Mauritius,2015,5.477,alco,7.0
Mauritius,2019,5.888,alco,2.0
Mauritius,2019,5.888,alco,4.8
Mauritius,2019,5.888,alco,7.7
Mexico,2015,7.187,alco,2.2
Mexico,2015,7.187,alco,5.0
Mexico,2015,7.187,alco,8.0
Mexico,2019,6.595,alco,2.2
Mexico,2019,6.595,alco,5.0
Mexico,2019,6.595,alco,8.1
Mongolia,2015,4.874,alco,13.3
Mongolia,2015,4.874,alco,3.9
Mongolia,2015,4.874,alco,8.5
Mongolia,2019,5.285,alco,2.7
Mongolia,2019,5.285,alco,5.9
Mongolia,2019,5.285,alco,9.2
Montenegro,2015,5.192,alco,11.1
Montenegro,2015,5.192,alco,17.7
Montenegro,2015,5.192,alco,4.8
Montenegro,2019,5.523,alco,12.2
Montenegro,2019,5.523,alco,19.5
Montenegro,2019,5.523,alco,5.3
Morocco,2015,5.013,alco,0.1
Morocco,2015,5.013,alco,0.4
Morocco,2015,5.013,alco,0.7
Morocco,2019,5.208,alco,0.1
Morocco,2019,5.208,alco,0.5
Morocco,2019,5.208,alco,0.9
Myanmar,2015,4.307,alco,0.7
Myanmar,2015,4.307,alco,1.7
Myanmar,2015,4.307,alco,2.8
Myanmar,2019,4.36,alco,0.9
Myanmar,2019,4.36,alco,2.1
Myanmar,2019,4.36,alco,3.6
Nepal,2015,4.514,alco,0.2
Nepal,2015,4.514,alco,0.5
Nepal,2015,4.514,alco,0.8
Nepal,2019,4.913,alco,0.2
Nepal,2019,4.913,alco,0.6
Nepal,2019,4.913,alco,1.1
Netherlands,2015,7.378,alco,14.8
Netherlands,2015,7.378,alco,4.5
Netherlands,2015,7.378,alco,9.6
Netherlands,2019,7.488,alco,14.9
Netherlands,2019,7.488,alco,4.5
Netherlands,2019,7.488,alco,9.7
New Zealand,2015,7.286,alco,10.4
New Zealand,2015,7.286,alco,16.1
New Zealand,2015,7.286,alco,5.1
New Zealand,2019,7.307,alco,10.7
New Zealand,2019,7.307,alco,16.5
New Zealand,2019,7.307,alco,5.2
Nicaragua,2015,5.828,alco,2.0
Nicaragua,2015,5.828,alco,5.0
Nicaragua,2015,5.828,alco,8.2
Nicaragua,2019,6.105,alco,2.0
Nicaragua,2019,6.105,alco,5.1
Nicaragua,2019,6.105,alco,8.3
Niger,2015,3.845,alco,0.2
Niger,2015,3.845,alco,0.5
Niger,2015,3.845,alco,0.9
Niger,2019,4.628,alco,0.2
Niger,2019,4.628,alco,0.5
Niger,2019,4.628,alco,0.9
Nigeria,2015,5.268,alco,2.5
Nigeria,2015,5.268,alco,6.1
Nigeria,2015,5.268,alco,9.7
Nigeria,2019,5.265,alco,2.5
Nigeria,2019,5.265,alco,6.2
Nigeria,2019,5.265,alco,9.8
Norway,2015,7.522,alco,10.8
Norway,2015,7.522,alco,3.4
Norway,2015,7.522,alco,7.1
Norway,2019,7.554,alco,10.8
Norway,2019,7.554,alco,3.4
Norway,2019,7.554,alco,7.1
Pakistan,2015,5.194,alco,0.1
Pakistan,2015,5.194,alco,0.3
Pakistan,2015,5.194,alco,0.5
Pakistan,2019,5.653,alco,0.1
Pakistan,2019,5.653,alco,0.3
Pakistan,2019,5.653,alco,0.5
Panama,2015,6.786,alco,12.0
Panama,2015,6.786,alco,3.3
Panama,2015,6.786,alco,7.6
Panama,2019,6.321,alco,12.2
Panama,2019,6.321,alco,3.4
Panama,2019,6.321,alco,7.8
Paraguay,2015,5.878,alco,10.4
Paraguay,2015,5.878,alco,2.8
Paraguay,2015,5.878,alco,6.7
Paraguay,2019,5.743,alco,11.0
Paraguay,2019,5.743,alco,2.9
Paraguay,2019,5.743,alco,7.0
Peru,2015,5.824,alco,10.8
Peru,2015,5.824,alco,3.4
Peru,2015,5.824,alco,7.0
Peru,2019,5.697,alco,10.4
Peru,2019,5.697,alco,3.2
Peru,2019,5.697,alco,6.8
Philippines,2015,5.073,alco,10.7
Philippines,2015,5.073,alco,2.7
Philippines,2015,5.073,alco,6.7
Philippines,2019,5.631,alco,11.2
Philippines,2019,5.631,alco,2.9
Philippines,2019,5.631,alco,7.0
Poland,2015,5.791,alco,11.6
Poland,2015,5.791,alco,18.3
Poland,2015,5.791,alco,5.5
Poland,2019,6.182,alco,11.9
Poland,2019,6.182,alco,18.7
Poland,2019,6.182,alco,5.6
Portugal,2015,5.102,alco,11.9
Portugal,2015,5.102,alco,19.2
Portugal,2015,5.102,alco,5.5
Portugal,2019,5.693,alco,12.1
Portugal,2019,5.693,alco,19.5
Portugal,2019,5.693,alco,5.6
Qatar,2015,6.611,alco,0.4
Qatar,2015,6.611,alco,1.6
Qatar,2015,6.611,alco,1.9
Qatar,2019,6.374,alco,0.4
Qatar,2019,6.374,alco,1.5
Qatar,2019,6.374,alco,1.8
Romania,2015,5.124,alco,11.6
Romania,2015,5.124,alco,18.3
Romania,2015,5.124,alco,5.4
Romania,2019,6.07,alco,12.3
Romania,2019,6.07,alco,19.5
Romania,2019,6.07,alco,5.7
Rwanda,2015,3.465,alco,13.7
Rwanda,2015,3.465,alco,3.3
Rwanda,2015,3.465,alco,8.3
Rwanda,2019,3.334,alco,13.1
Rwanda,2019,3.334,alco,3.1
Rwanda,2019,3.334,alco,8.0
Saudi Arabia,2015,6.411,alco,0.0
Saudi Arabia,2019,6.375,alco,0.0
Senegal,2015,3.904,alco,0.2
Senegal,2015,3.904,alco,0.6
Senegal,2015,3.904,alco,1.1
Senegal,2019,4.681,alco,0.2
Senegal,2019,4.681,alco,0.7
Senegal,2019,4.681,alco,1.3
Serbia,2015,5.123,alco,14.0
Serbia,2015,5.123,alco,3.9
Serbia,2015,5.123,alco,8.8
Serbia,2019,5.603,alco,14.1
Serbia,2019,5.603,alco,3.9
Serbia,2019,5.603,alco,8.9
Sierra Leone,2015,4.507,alco,1.4
Sierra Leone,2015,4.507,alco,5.0
Sierra Leone,2015,4.507,alco,8.7
Sierra Leone,2019,4.374,alco,1.5
Sierra Leone,2019,4.374,alco,5.3
Sierra Leone,2019,4.374,alco,9.2
Singapore,2015,6.798,alco,1.0
Singapore,2015,6.798,alco,2.1
Singapore,2015,6.798,alco,3.0
Singapore,2019,6.262,alco,1.0
Singapore,2019,6.262,alco,2.0
Singapore,2019,6.262,alco,2.9
Slovakia,2015,5.995,alco,11.2
Slovakia,2015,5.995,alco,17.5
Slovakia,2015,5.995,alco,5.4
Slovakia,2019,6.198,alco,11.1
Slovakia,2019,6.198,alco,17.3
Slovakia,2019,6.198,alco,5.3
Slovenia,2015,5.848,alco,12.7
Slovenia,2015,5.848,alco,19.6
Slovenia,2015,5.848,alco,6.0
Slovenia,2019,6.118,alco,12.1
Slovenia,2019,6.118,alco,18.7
Slovenia,2019,6.118,alco,5.7
South Africa,2015,4.642,alco,15.7
South Africa,2015,4.642,alco,3.5
South Africa,2015,4.642,alco,9.5
South Africa,2019,4.722,alco,15.7
South Africa,2019,4.722,alco,3.5
South Africa,2019,4.722,alco,9.5
Spain,2015,6.329,alco,11.4
Spain,2015,6.329,alco,17.9
Spain,2015,6.329,alco,5.2
Spain,2019,6.354,alco,12.7
Spain,2019,6.354,alco,19.9
Spain,2019,6.354,alco,5.8
Sri Lanka,2015,4.271,alco,1.2
Sri Lanka,2015,4.271,alco,2.9
Sri Lanka,2015,4.271,alco,4.8
Sri Lanka,2019,4.366,alco,1.2
Sri Lanka,2019,4.366,alco,2.9
Sri Lanka,2019,4.366,alco,4.7
Sweden,2015,7.364,alco,14.0
Sweden,2015,7.364,alco,4.3
Sweden,2015,7.364,alco,9.1
Sweden,2019,7.343,alco,13.8
Sweden,2019,7.343,alco,4.3
Sweden,2019,7.343,alco,9.0
Switzerland,2015,7.587,alco,11.5
Switzerland,2015,7.587,alco,17.6
Switzerland,2015,7.587,alco,5.6
Switzerland,2019,7.48,alco,11.2
Switzerland,2019,7.48,alco,17.2
Switzerland,2019,7.48,alco,5.4
Tajikistan,2015,4.786,alco,0.3
Tajikistan,2015,4.786,alco,0.9
Tajikistan,2015,4.786,alco,1.5
Tajikistan,2019,5.467,alco,0.3
Tajikistan,2019,5.467,alco,0.9
Tajikistan,2019,5.467,alco,1.5
Thailand,2015,6.455,alco,14.2
Thailand,2015,6.455,alco,3.7
Thailand,2015,6.455,alco,8.8
Thailand,2019,6.008,alco,13.7
Thailand,2019,6.008,alco,3.6
Thailand,2019,6.008,alco,8.5
Togo,2015,2.839,alco,1.0
Togo,2015,2.839,alco,2.4
Togo,2015,2.839,alco,3.9
Togo,2019,4.085,alco,1.1
Togo,2019,4.085,alco,2.7
Togo,2019,4.085,alco,4.3
Tunisia,2015,4.739,alco,0.5
Tunisia,2015,4.739,alco,2.0
Tunisia,2015,4.739,alco,3.5
Tunisia,2019,4.461,alco,0.5
Tunisia,2019,4.461,alco,2.0
Tunisia,2019,4.461,alco,3.6
Turkey,2015,5.332,alco,0.5
Turkey,2015,5.332,alco,1.9
Turkey,2015,5.332,alco,3.4
Turkey,2019,5.373,alco,0.5
Turkey,2019,5.373,alco,1.8
Turkey,2019,5.373,alco,3.1
Turkmenistan,2015,5.548,alco,1.1
Turkmenistan,2015,5.548,alco,3.4
Turkmenistan,2015,5.548,alco,5.8
Turkmenistan,2019,5.247,alco,1.0
Turkmenistan,2019,5.247,alco,3.1
Turkmenistan,2019,5.247,alco,5.3
Uganda,2015,3.931,alco,13.0
Uganda,2015,3.931,alco,21.5
Uganda,2015,3.931,alco,5.2
Uganda,2019,4.189,alco,12.5
Uganda,2019,4.189,alco,20.6
Uganda,2019,4.189,alco,4.9
Ukraine,2015,4.681,alco,10.1
Ukraine,2015,4.681,alco,16.9
Ukraine,2015,4.681,alco,4.5
Ukraine,2019,4.332,alco,14.0
Ukraine,2019,4.332,alco,3.6
Ukraine,2019,4.332,alco,8.3
United Arab Emirates,2015,6.901,alco,0.8
United Arab Emirates,2015,6.901,alco,3.8
United Arab Emirates,2015,6.901,alco,4.8
United Arab Emirates,2019,6.825,alco,0.9
United Arab Emirates,2019,6.825,alco,3.8
United Arab Emirates,2019,6.825,alco,5.0
Uruguay,2015,6.485,alco,11.0
Uruguay,2015,6.485,alco,3.4
Uruguay,2015,6.485,alco,7.0
Uruguay,2019,6.293,alco,10.8
Uruguay,2019,6.293,alco,3.4
Uruguay,2019,6.293,alco,6.9
Uzbekistan,2015,6.003,alco,0.8
Uzbekistan,2015,6.003,alco,2.5
Uzbekistan,2015,6.003,alco,4.4
Uzbekistan,2019,6.174,alco,0.8
Uzbekistan,2019,6.174,alco,2.6
Uzbekistan,2019,6.174,alco,4.5
Yemen,2015,4.077,alco,0.0
Yemen,2015,4.077,alco,0.1
Yemen,2019,3.38,alco,0.0
Yemen,2019,3.38,alco,0.1
Zambia,2015,5.129,alco,1.8
Zambia,2015,5.129,alco,4.5
Zambia,2015,5.129,alco,7.3
Zambia,2019,4.107,alco,1.8
Zambia,2019,4.107,alco,4.5
Zambia,2019,4.107,alco,7.3
Zimbabwe,2015,4.61,alco,1.9
Zimbabwe,2015,4.61,alco,5.3
Zimbabwe,2015,4.61,alco,9.3
Zimbabwe,2019,3.663,alco,1.6
Zimbabwe,2019,3.663,alco,4.5
Zimbabwe,2019,3.663,alco,7.9
